label,server_port,leaf_port,connection_name
gpu-server-rc1-01/GPU-NIC-1----800G-backend-leaf-u38/E1/1/1,gpu-server-rc1-01/GPU-NIC-1,800G-backend-leaf-u38/E1/1/1,gpu-server-rc1-01--GPU-NIC-1--800G-backend-leaf-u38
gpu-server-rc1-01/GPU-NIC-2----800G-backend-leaf-u38/E1/1/2,gpu-server-rc1-01/GPU-NIC-2,800G-backend-leaf-u38/E1/1/2,gpu-server-rc1-01--GPU-NIC-2--800G-backend-leaf-u38
gpu-server-rc1-01/GPU-NIC-3----800G-backend-leaf-u35/E1/1/1,gpu-server-rc1-01/GPU-NIC-3,800G-backend-leaf-u35/E1/1/1,gpu-server-rc1-01--GPU-NIC-3--800G-backend-leaf-u35
gpu-server-rc1-01/GPU-NIC-4----800G-backend-leaf-u35/E1/1/2,gpu-server-rc1-01/GPU-NIC-4,800G-backend-leaf-u35/E1/1/2,gpu-server-rc1-01--GPU-NIC-4--800G-backend-leaf-u35
gpu-server-rc1-01/GPU-NIC-5----800G-backend-leaf-u32/E1/1/1,gpu-server-rc1-01/GPU-NIC-5,800G-backend-leaf-u32/E1/1/1,gpu-server-rc1-01--GPU-NIC-5--800G-backend-leaf-u32
gpu-server-rc1-01/GPU-NIC-6----800G-backend-leaf-u32/E1/1/2,gpu-server-rc1-01/GPU-NIC-6,800G-backend-leaf-u32/E1/1/2,gpu-server-rc1-01--GPU-NIC-6--800G-backend-leaf-u32
gpu-server-rc1-01/GPU-NIC-7----800G-backend-leaf-u29/E1/1/1,gpu-server-rc1-01/GPU-NIC-7,800G-backend-leaf-u29/E1/1/1,gpu-server-rc1-01--GPU-NIC-7--800G-backend-leaf-u29
gpu-server-rc1-01/GPU-NIC-8----800G-backend-leaf-u29/E1/1/2,gpu-server-rc1-01/GPU-NIC-8,800G-backend-leaf-u29/E1/1/2,gpu-server-rc1-01--GPU-NIC-8--800G-backend-leaf-u29
gpu-server-rc1-02/GPU-NIC-1----800G-backend-leaf-u38/E1/2/1,gpu-server-rc1-02/GPU-NIC-1,800G-backend-leaf-u38/E1/2/1,gpu-server-rc1-02--GPU-NIC-1--800G-backend-leaf-u38
gpu-server-rc1-02/GPU-NIC-2----800G-backend-leaf-u38/E1/2/2,gpu-server-rc1-02/GPU-NIC-2,800G-backend-leaf-u38/E1/2/2,gpu-server-rc1-02--GPU-NIC-2--800G-backend-leaf-u38
gpu-server-rc1-02/GPU-NIC-3----800G-backend-leaf-u35/E1/2/1,gpu-server-rc1-02/GPU-NIC-3,800G-backend-leaf-u35/E1/2/1,gpu-server-rc1-02--GPU-NIC-3--800G-backend-leaf-u35
gpu-server-rc1-02/GPU-NIC-4----800G-backend-leaf-u35/E1/2/2,gpu-server-rc1-02/GPU-NIC-4,800G-backend-leaf-u35/E1/2/2,gpu-server-rc1-02--GPU-NIC-4--800G-backend-leaf-u35
gpu-server-rc1-02/GPU-NIC-5----800G-backend-leaf-u32/E1/2/1,gpu-server-rc1-02/GPU-NIC-5,800G-backend-leaf-u32/E1/2/1,gpu-server-rc1-02--GPU-NIC-5--800G-backend-leaf-u32
gpu-server-rc1-02/GPU-NIC-6----800G-backend-leaf-u32/E1/2/2,gpu-server-rc1-02/GPU-NIC-6,800G-backend-leaf-u32/E1/2/2,gpu-server-rc1-02--GPU-NIC-6--800G-backend-leaf-u32
gpu-server-rc1-02/GPU-NIC-7----800G-backend-leaf-u29/E1/2/1,gpu-server-rc1-02/GPU-NIC-7,800G-backend-leaf-u29/E1/2/1,gpu-server-rc1-02--GPU-NIC-7--800G-backend-leaf-u29
gpu-server-rc1-02/GPU-NIC-8----800G-backend-leaf-u29/E1/2/2,gpu-server-rc1-02/GPU-NIC-8,800G-backend-leaf-u29/E1/2/2,gpu-server-rc1-02--GPU-NIC-8--800G-backend-leaf-u29
gpu-server-rc1-03/GPU-NIC-1----800G-backend-leaf-u38/E1/3/1,gpu-server-rc1-03/GPU-NIC-1,800G-backend-leaf-u38/E1/3/1,gpu-server-rc1-03--GPU-NIC-1--800G-backend-leaf-u38
gpu-server-rc1-03/GPU-NIC-2----800G-backend-leaf-u38/E1/3/2,gpu-server-rc1-03/GPU-NIC-2,800G-backend-leaf-u38/E1/3/2,gpu-server-rc1-03--GPU-NIC-2--800G-backend-leaf-u38
gpu-server-rc1-03/GPU-NIC-3----800G-backend-leaf-u35/E1/3/1,gpu-server-rc1-03/GPU-NIC-3,800G-backend-leaf-u35/E1/3/1,gpu-server-rc1-03--GPU-NIC-3--800G-backend-leaf-u35
gpu-server-rc1-03/GPU-NIC-4----800G-backend-leaf-u35/E1/3/2,gpu-server-rc1-03/GPU-NIC-4,800G-backend-leaf-u35/E1/3/2,gpu-server-rc1-03--GPU-NIC-4--800G-backend-leaf-u35
gpu-server-rc1-03/GPU-NIC-5----800G-backend-leaf-u32/E1/3/1,gpu-server-rc1-03/GPU-NIC-5,800G-backend-leaf-u32/E1/3/1,gpu-server-rc1-03--GPU-NIC-5--800G-backend-leaf-u32
gpu-server-rc1-03/GPU-NIC-6----800G-backend-leaf-u32/E1/3/2,gpu-server-rc1-03/GPU-NIC-6,800G-backend-leaf-u32/E1/3/2,gpu-server-rc1-03--GPU-NIC-6--800G-backend-leaf-u32
gpu-server-rc1-03/GPU-NIC-7----800G-backend-leaf-u29/E1/3/1,gpu-server-rc1-03/GPU-NIC-7,800G-backend-leaf-u29/E1/3/1,gpu-server-rc1-03--GPU-NIC-7--800G-backend-leaf-u29
gpu-server-rc1-03/GPU-NIC-8----800G-backend-leaf-u29/E1/3/2,gpu-server-rc1-03/GPU-NIC-8,800G-backend-leaf-u29/E1/3/2,gpu-server-rc1-03--GPU-NIC-8--800G-backend-leaf-u29
gpu-server-rc1-04/GPU-NIC-1----800G-backend-leaf-u38/E1/4/1,gpu-server-rc1-04/GPU-NIC-1,800G-backend-leaf-u38/E1/4/1,gpu-server-rc1-04--GPU-NIC-1--800G-backend-leaf-u38
gpu-server-rc1-04/GPU-NIC-2----800G-backend-leaf-u38/E1/4/2,gpu-server-rc1-04/GPU-NIC-2,800G-backend-leaf-u38/E1/4/2,gpu-server-rc1-04--GPU-NIC-2--800G-backend-leaf-u38
gpu-server-rc1-04/GPU-NIC-3----800G-backend-leaf-u35/E1/4/1,gpu-server-rc1-04/GPU-NIC-3,800G-backend-leaf-u35/E1/4/1,gpu-server-rc1-04--GPU-NIC-3--800G-backend-leaf-u35
gpu-server-rc1-04/GPU-NIC-4----800G-backend-leaf-u35/E1/4/2,gpu-server-rc1-04/GPU-NIC-4,800G-backend-leaf-u35/E1/4/2,gpu-server-rc1-04--GPU-NIC-4--800G-backend-leaf-u35
gpu-server-rc1-04/GPU-NIC-5----800G-backend-leaf-u32/E1/4/1,gpu-server-rc1-04/GPU-NIC-5,800G-backend-leaf-u32/E1/4/1,gpu-server-rc1-04--GPU-NIC-5--800G-backend-leaf-u32
gpu-server-rc1-04/GPU-NIC-6----800G-backend-leaf-u32/E1/4/2,gpu-server-rc1-04/GPU-NIC-6,800G-backend-leaf-u32/E1/4/2,gpu-server-rc1-04--GPU-NIC-6--800G-backend-leaf-u32
gpu-server-rc1-04/GPU-NIC-7----800G-backend-leaf-u29/E1/4/1,gpu-server-rc1-04/GPU-NIC-7,800G-backend-leaf-u29/E1/4/1,gpu-server-rc1-04--GPU-NIC-7--800G-backend-leaf-u29
gpu-server-rc1-04/GPU-NIC-8----800G-backend-leaf-u29/E1/4/2,gpu-server-rc1-04/GPU-NIC-8,800G-backend-leaf-u29/E1/4/2,gpu-server-rc1-04--GPU-NIC-8--800G-backend-leaf-u29
gpu-server-rc1-05/GPU-NIC-1----800G-backend-leaf-u38/E1/5/1,gpu-server-rc1-05/GPU-NIC-1,800G-backend-leaf-u38/E1/5/1,gpu-server-rc1-05--GPU-NIC-1--800G-backend-leaf-u38
gpu-server-rc1-05/GPU-NIC-2----800G-backend-leaf-u38/E1/5/2,gpu-server-rc1-05/GPU-NIC-2,800G-backend-leaf-u38/E1/5/2,gpu-server-rc1-05--GPU-NIC-2--800G-backend-leaf-u38
gpu-server-rc1-05/GPU-NIC-3----800G-backend-leaf-u35/E1/5/1,gpu-server-rc1-05/GPU-NIC-3,800G-backend-leaf-u35/E1/5/1,gpu-server-rc1-05--GPU-NIC-3--800G-backend-leaf-u35
gpu-server-rc1-05/GPU-NIC-4----800G-backend-leaf-u35/E1/5/2,gpu-server-rc1-05/GPU-NIC-4,800G-backend-leaf-u35/E1/5/2,gpu-server-rc1-05--GPU-NIC-4--800G-backend-leaf-u35
gpu-server-rc1-05/GPU-NIC-5----800G-backend-leaf-u32/E1/5/1,gpu-server-rc1-05/GPU-NIC-5,800G-backend-leaf-u32/E1/5/1,gpu-server-rc1-05--GPU-NIC-5--800G-backend-leaf-u32
gpu-server-rc1-05/GPU-NIC-6----800G-backend-leaf-u32/E1/5/2,gpu-server-rc1-05/GPU-NIC-6,800G-backend-leaf-u32/E1/5/2,gpu-server-rc1-05--GPU-NIC-6--800G-backend-leaf-u32
gpu-server-rc1-05/GPU-NIC-7----800G-backend-leaf-u29/E1/5/1,gpu-server-rc1-05/GPU-NIC-7,800G-backend-leaf-u29/E1/5/1,gpu-server-rc1-05--GPU-NIC-7--800G-backend-leaf-u29
gpu-server-rc1-05/GPU-NIC-8----800G-backend-leaf-u29/E1/5/2,gpu-server-rc1-05/GPU-NIC-8,800G-backend-leaf-u29/E1/5/2,gpu-server-rc1-05--GPU-NIC-8--800G-backend-leaf-u29
gpu-server-rc1-06/GPU-NIC-1----800G-backend-leaf-u38/E1/6/1,gpu-server-rc1-06/GPU-NIC-1,800G-backend-leaf-u38/E1/6/1,gpu-server-rc1-06--GPU-NIC-1--800G-backend-leaf-u38
gpu-server-rc1-06/GPU-NIC-2----800G-backend-leaf-u38/E1/6/2,gpu-server-rc1-06/GPU-NIC-2,800G-backend-leaf-u38/E1/6/2,gpu-server-rc1-06--GPU-NIC-2--800G-backend-leaf-u38
gpu-server-rc1-06/GPU-NIC-3----800G-backend-leaf-u35/E1/6/1,gpu-server-rc1-06/GPU-NIC-3,800G-backend-leaf-u35/E1/6/1,gpu-server-rc1-06--GPU-NIC-3--800G-backend-leaf-u35
gpu-server-rc1-06/GPU-NIC-4----800G-backend-leaf-u35/E1/6/2,gpu-server-rc1-06/GPU-NIC-4,800G-backend-leaf-u35/E1/6/2,gpu-server-rc1-06--GPU-NIC-4--800G-backend-leaf-u35
gpu-server-rc1-06/GPU-NIC-5----800G-backend-leaf-u32/E1/6/1,gpu-server-rc1-06/GPU-NIC-5,800G-backend-leaf-u32/E1/6/1,gpu-server-rc1-06--GPU-NIC-5--800G-backend-leaf-u32
gpu-server-rc1-06/GPU-NIC-6----800G-backend-leaf-u32/E1/6/2,gpu-server-rc1-06/GPU-NIC-6,800G-backend-leaf-u32/E1/6/2,gpu-server-rc1-06--GPU-NIC-6--800G-backend-leaf-u32
gpu-server-rc1-06/GPU-NIC-7----800G-backend-leaf-u29/E1/6/1,gpu-server-rc1-06/GPU-NIC-7,800G-backend-leaf-u29/E1/6/1,gpu-server-rc1-06--GPU-NIC-7--800G-backend-leaf-u29
gpu-server-rc1-06/GPU-NIC-8----800G-backend-leaf-u29/E1/6/2,gpu-server-rc1-06/GPU-NIC-8,800G-backend-leaf-u29/E1/6/2,gpu-server-rc1-06--GPU-NIC-8--800G-backend-leaf-u29
gpu-server-rc1-07/GPU-NIC-1----800G-backend-leaf-u38/E1/7/1,gpu-server-rc1-07/GPU-NIC-1,800G-backend-leaf-u38/E1/7/1,gpu-server-rc1-07--GPU-NIC-1--800G-backend-leaf-u38
gpu-server-rc1-07/GPU-NIC-2----800G-backend-leaf-u38/E1/7/2,gpu-server-rc1-07/GPU-NIC-2,800G-backend-leaf-u38/E1/7/2,gpu-server-rc1-07--GPU-NIC-2--800G-backend-leaf-u38
gpu-server-rc1-07/GPU-NIC-3----800G-backend-leaf-u35/E1/7/1,gpu-server-rc1-07/GPU-NIC-3,800G-backend-leaf-u35/E1/7/1,gpu-server-rc1-07--GPU-NIC-3--800G-backend-leaf-u35
gpu-server-rc1-07/GPU-NIC-4----800G-backend-leaf-u35/E1/7/2,gpu-server-rc1-07/GPU-NIC-4,800G-backend-leaf-u35/E1/7/2,gpu-server-rc1-07--GPU-NIC-4--800G-backend-leaf-u35
gpu-server-rc1-07/GPU-NIC-5----800G-backend-leaf-u32/E1/7/1,gpu-server-rc1-07/GPU-NIC-5,800G-backend-leaf-u32/E1/7/1,gpu-server-rc1-07--GPU-NIC-5--800G-backend-leaf-u32
gpu-server-rc1-07/GPU-NIC-6----800G-backend-leaf-u32/E1/7/2,gpu-server-rc1-07/GPU-NIC-6,800G-backend-leaf-u32/E1/7/2,gpu-server-rc1-07--GPU-NIC-6--800G-backend-leaf-u32
gpu-server-rc1-07/GPU-NIC-7----800G-backend-leaf-u29/E1/7/1,gpu-server-rc1-07/GPU-NIC-7,800G-backend-leaf-u29/E1/7/1,gpu-server-rc1-07--GPU-NIC-7--800G-backend-leaf-u29
gpu-server-rc1-07/GPU-NIC-8----800G-backend-leaf-u29/E1/7/2,gpu-server-rc1-07/GPU-NIC-8,800G-backend-leaf-u29/E1/7/2,gpu-server-rc1-07--GPU-NIC-8--800G-backend-leaf-u29
gpu-server-rc1-08/GPU-NIC-1----800G-backend-leaf-u38/E1/8/1,gpu-server-rc1-08/GPU-NIC-1,800G-backend-leaf-u38/E1/8/1,gpu-server-rc1-08--GPU-NIC-1--800G-backend-leaf-u38
gpu-server-rc1-08/GPU-NIC-2----800G-backend-leaf-u38/E1/8/2,gpu-server-rc1-08/GPU-NIC-2,800G-backend-leaf-u38/E1/8/2,gpu-server-rc1-08--GPU-NIC-2--800G-backend-leaf-u38
gpu-server-rc1-08/GPU-NIC-3----800G-backend-leaf-u35/E1/8/1,gpu-server-rc1-08/GPU-NIC-3,800G-backend-leaf-u35/E1/8/1,gpu-server-rc1-08--GPU-NIC-3--800G-backend-leaf-u35
gpu-server-rc1-08/GPU-NIC-4----800G-backend-leaf-u35/E1/8/2,gpu-server-rc1-08/GPU-NIC-4,800G-backend-leaf-u35/E1/8/2,gpu-server-rc1-08--GPU-NIC-4--800G-backend-leaf-u35
gpu-server-rc1-08/GPU-NIC-5----800G-backend-leaf-u32/E1/8/1,gpu-server-rc1-08/GPU-NIC-5,800G-backend-leaf-u32/E1/8/1,gpu-server-rc1-08--GPU-NIC-5--800G-backend-leaf-u32
gpu-server-rc1-08/GPU-NIC-6----800G-backend-leaf-u32/E1/8/2,gpu-server-rc1-08/GPU-NIC-6,800G-backend-leaf-u32/E1/8/2,gpu-server-rc1-08--GPU-NIC-6--800G-backend-leaf-u32
gpu-server-rc1-08/GPU-NIC-7----800G-backend-leaf-u29/E1/8/1,gpu-server-rc1-08/GPU-NIC-7,800G-backend-leaf-u29/E1/8/1,gpu-server-rc1-08--GPU-NIC-7--800G-backend-leaf-u29
gpu-server-rc1-08/GPU-NIC-8----800G-backend-leaf-u29/E1/8/2,gpu-server-rc1-08/GPU-NIC-8,800G-backend-leaf-u29/E1/8/2,gpu-server-rc1-08--GPU-NIC-8--800G-backend-leaf-u29
gpu-server-rc1-09/GPU-NIC-1----800G-backend-leaf-u38/E1/9/1,gpu-server-rc1-09/GPU-NIC-1,800G-backend-leaf-u38/E1/9/1,gpu-server-rc1-09--GPU-NIC-1--800G-backend-leaf-u38
gpu-server-rc1-09/GPU-NIC-2----800G-backend-leaf-u38/E1/9/2,gpu-server-rc1-09/GPU-NIC-2,800G-backend-leaf-u38/E1/9/2,gpu-server-rc1-09--GPU-NIC-2--800G-backend-leaf-u38
gpu-server-rc1-09/GPU-NIC-3----800G-backend-leaf-u35/E1/9/1,gpu-server-rc1-09/GPU-NIC-3,800G-backend-leaf-u35/E1/9/1,gpu-server-rc1-09--GPU-NIC-3--800G-backend-leaf-u35
gpu-server-rc1-09/GPU-NIC-4----800G-backend-leaf-u35/E1/9/2,gpu-server-rc1-09/GPU-NIC-4,800G-backend-leaf-u35/E1/9/2,gpu-server-rc1-09--GPU-NIC-4--800G-backend-leaf-u35
gpu-server-rc1-09/GPU-NIC-5----800G-backend-leaf-u32/E1/9/1,gpu-server-rc1-09/GPU-NIC-5,800G-backend-leaf-u32/E1/9/1,gpu-server-rc1-09--GPU-NIC-5--800G-backend-leaf-u32
gpu-server-rc1-09/GPU-NIC-6----800G-backend-leaf-u32/E1/9/2,gpu-server-rc1-09/GPU-NIC-6,800G-backend-leaf-u32/E1/9/2,gpu-server-rc1-09--GPU-NIC-6--800G-backend-leaf-u32
gpu-server-rc1-09/GPU-NIC-7----800G-backend-leaf-u29/E1/9/1,gpu-server-rc1-09/GPU-NIC-7,800G-backend-leaf-u29/E1/9/1,gpu-server-rc1-09--GPU-NIC-7--800G-backend-leaf-u29
gpu-server-rc1-09/GPU-NIC-8----800G-backend-leaf-u29/E1/9/2,gpu-server-rc1-09/GPU-NIC-8,800G-backend-leaf-u29/E1/9/2,gpu-server-rc1-09--GPU-NIC-8--800G-backend-leaf-u29
gpu-server-rc1-10/GPU-NIC-1----800G-backend-leaf-u38/E1/10/1,gpu-server-rc1-10/GPU-NIC-1,800G-backend-leaf-u38/E1/10/1,gpu-server-rc1-10--GPU-NIC-1--800G-backend-leaf-u38
gpu-server-rc1-10/GPU-NIC-2----800G-backend-leaf-u38/E1/10/2,gpu-server-rc1-10/GPU-NIC-2,800G-backend-leaf-u38/E1/10/2,gpu-server-rc1-10--GPU-NIC-2--800G-backend-leaf-u38
gpu-server-rc1-10/GPU-NIC-3----800G-backend-leaf-u35/E1/10/1,gpu-server-rc1-10/GPU-NIC-3,800G-backend-leaf-u35/E1/10/1,gpu-server-rc1-10--GPU-NIC-3--800G-backend-leaf-u35
gpu-server-rc1-10/GPU-NIC-4----800G-backend-leaf-u35/E1/10/2,gpu-server-rc1-10/GPU-NIC-4,800G-backend-leaf-u35/E1/10/2,gpu-server-rc1-10--GPU-NIC-4--800G-backend-leaf-u35
gpu-server-rc1-10/GPU-NIC-5----800G-backend-leaf-u32/E1/10/1,gpu-server-rc1-10/GPU-NIC-5,800G-backend-leaf-u32/E1/10/1,gpu-server-rc1-10--GPU-NIC-5--800G-backend-leaf-u32
gpu-server-rc1-10/GPU-NIC-6----800G-backend-leaf-u32/E1/10/2,gpu-server-rc1-10/GPU-NIC-6,800G-backend-leaf-u32/E1/10/2,gpu-server-rc1-10--GPU-NIC-6--800G-backend-leaf-u32
gpu-server-rc1-10/GPU-NIC-7----800G-backend-leaf-u29/E1/10/1,gpu-server-rc1-10/GPU-NIC-7,800G-backend-leaf-u29/E1/10/1,gpu-server-rc1-10--GPU-NIC-7--800G-backend-leaf-u29
gpu-server-rc1-10/GPU-NIC-8----800G-backend-leaf-u29/E1/10/2,gpu-server-rc1-10/GPU-NIC-8,800G-backend-leaf-u29/E1/10/2,gpu-server-rc1-10--GPU-NIC-8--800G-backend-leaf-u29
gpu-server-rc1-11/GPU-NIC-1----800G-backend-leaf-u38/E1/11/1,gpu-server-rc1-11/GPU-NIC-1,800G-backend-leaf-u38/E1/11/1,gpu-server-rc1-11--GPU-NIC-1--800G-backend-leaf-u38
gpu-server-rc1-11/GPU-NIC-2----800G-backend-leaf-u38/E1/11/2,gpu-server-rc1-11/GPU-NIC-2,800G-backend-leaf-u38/E1/11/2,gpu-server-rc1-11--GPU-NIC-2--800G-backend-leaf-u38
gpu-server-rc1-11/GPU-NIC-3----800G-backend-leaf-u35/E1/11/1,gpu-server-rc1-11/GPU-NIC-3,800G-backend-leaf-u35/E1/11/1,gpu-server-rc1-11--GPU-NIC-3--800G-backend-leaf-u35
gpu-server-rc1-11/GPU-NIC-4----800G-backend-leaf-u35/E1/11/2,gpu-server-rc1-11/GPU-NIC-4,800G-backend-leaf-u35/E1/11/2,gpu-server-rc1-11--GPU-NIC-4--800G-backend-leaf-u35
gpu-server-rc1-11/GPU-NIC-5----800G-backend-leaf-u32/E1/11/1,gpu-server-rc1-11/GPU-NIC-5,800G-backend-leaf-u32/E1/11/1,gpu-server-rc1-11--GPU-NIC-5--800G-backend-leaf-u32
gpu-server-rc1-11/GPU-NIC-6----800G-backend-leaf-u32/E1/11/2,gpu-server-rc1-11/GPU-NIC-6,800G-backend-leaf-u32/E1/11/2,gpu-server-rc1-11--GPU-NIC-6--800G-backend-leaf-u32
gpu-server-rc1-11/GPU-NIC-7----800G-backend-leaf-u29/E1/11/1,gpu-server-rc1-11/GPU-NIC-7,800G-backend-leaf-u29/E1/11/1,gpu-server-rc1-11--GPU-NIC-7--800G-backend-leaf-u29
gpu-server-rc1-11/GPU-NIC-8----800G-backend-leaf-u29/E1/11/2,gpu-server-rc1-11/GPU-NIC-8,800G-backend-leaf-u29/E1/11/2,gpu-server-rc1-11--GPU-NIC-8--800G-backend-leaf-u29
gpu-server-rc1-12/GPU-NIC-1----800G-backend-leaf-u38/E1/12/1,gpu-server-rc1-12/GPU-NIC-1,800G-backend-leaf-u38/E1/12/1,gpu-server-rc1-12--GPU-NIC-1--800G-backend-leaf-u38
gpu-server-rc1-12/GPU-NIC-2----800G-backend-leaf-u38/E1/12/2,gpu-server-rc1-12/GPU-NIC-2,800G-backend-leaf-u38/E1/12/2,gpu-server-rc1-12--GPU-NIC-2--800G-backend-leaf-u38
gpu-server-rc1-12/GPU-NIC-3----800G-backend-leaf-u35/E1/12/1,gpu-server-rc1-12/GPU-NIC-3,800G-backend-leaf-u35/E1/12/1,gpu-server-rc1-12--GPU-NIC-3--800G-backend-leaf-u35
gpu-server-rc1-12/GPU-NIC-4----800G-backend-leaf-u35/E1/12/2,gpu-server-rc1-12/GPU-NIC-4,800G-backend-leaf-u35/E1/12/2,gpu-server-rc1-12--GPU-NIC-4--800G-backend-leaf-u35
gpu-server-rc1-12/GPU-NIC-5----800G-backend-leaf-u32/E1/12/1,gpu-server-rc1-12/GPU-NIC-5,800G-backend-leaf-u32/E1/12/1,gpu-server-rc1-12--GPU-NIC-5--800G-backend-leaf-u32
gpu-server-rc1-12/GPU-NIC-6----800G-backend-leaf-u32/E1/12/2,gpu-server-rc1-12/GPU-NIC-6,800G-backend-leaf-u32/E1/12/2,gpu-server-rc1-12--GPU-NIC-6--800G-backend-leaf-u32
gpu-server-rc1-12/GPU-NIC-7----800G-backend-leaf-u29/E1/12/1,gpu-server-rc1-12/GPU-NIC-7,800G-backend-leaf-u29/E1/12/1,gpu-server-rc1-12--GPU-NIC-7--800G-backend-leaf-u29
gpu-server-rc1-12/GPU-NIC-8----800G-backend-leaf-u29/E1/12/2,gpu-server-rc1-12/GPU-NIC-8,800G-backend-leaf-u29/E1/12/2,gpu-server-rc1-12--GPU-NIC-8--800G-backend-leaf-u29
gpu-server-rc1-13/GPU-NIC-1----800G-backend-leaf-u38/E1/13/1,gpu-server-rc1-13/GPU-NIC-1,800G-backend-leaf-u38/E1/13/1,gpu-server-rc1-13--GPU-NIC-1--800G-backend-leaf-u38
gpu-server-rc1-13/GPU-NIC-2----800G-backend-leaf-u38/E1/13/2,gpu-server-rc1-13/GPU-NIC-2,800G-backend-leaf-u38/E1/13/2,gpu-server-rc1-13--GPU-NIC-2--800G-backend-leaf-u38
gpu-server-rc1-13/GPU-NIC-3----800G-backend-leaf-u35/E1/13/1,gpu-server-rc1-13/GPU-NIC-3,800G-backend-leaf-u35/E1/13/1,gpu-server-rc1-13--GPU-NIC-3--800G-backend-leaf-u35
gpu-server-rc1-13/GPU-NIC-4----800G-backend-leaf-u35/E1/13/2,gpu-server-rc1-13/GPU-NIC-4,800G-backend-leaf-u35/E1/13/2,gpu-server-rc1-13--GPU-NIC-4--800G-backend-leaf-u35
gpu-server-rc1-13/GPU-NIC-5----800G-backend-leaf-u32/E1/13/1,gpu-server-rc1-13/GPU-NIC-5,800G-backend-leaf-u32/E1/13/1,gpu-server-rc1-13--GPU-NIC-5--800G-backend-leaf-u32
gpu-server-rc1-13/GPU-NIC-6----800G-backend-leaf-u32/E1/13/2,gpu-server-rc1-13/GPU-NIC-6,800G-backend-leaf-u32/E1/13/2,gpu-server-rc1-13--GPU-NIC-6--800G-backend-leaf-u32
gpu-server-rc1-13/GPU-NIC-7----800G-backend-leaf-u29/E1/13/1,gpu-server-rc1-13/GPU-NIC-7,800G-backend-leaf-u29/E1/13/1,gpu-server-rc1-13--GPU-NIC-7--800G-backend-leaf-u29
gpu-server-rc1-13/GPU-NIC-8----800G-backend-leaf-u29/E1/13/2,gpu-server-rc1-13/GPU-NIC-8,800G-backend-leaf-u29/E1/13/2,gpu-server-rc1-13--GPU-NIC-8--800G-backend-leaf-u29
gpu-server-rc1-14/GPU-NIC-1----800G-backend-leaf-u38/E1/14/1,gpu-server-rc1-14/GPU-NIC-1,800G-backend-leaf-u38/E1/14/1,gpu-server-rc1-14--GPU-NIC-1--800G-backend-leaf-u38
gpu-server-rc1-14/GPU-NIC-2----800G-backend-leaf-u38/E1/14/2,gpu-server-rc1-14/GPU-NIC-2,800G-backend-leaf-u38/E1/14/2,gpu-server-rc1-14--GPU-NIC-2--800G-backend-leaf-u38
gpu-server-rc1-14/GPU-NIC-3----800G-backend-leaf-u35/E1/14/1,gpu-server-rc1-14/GPU-NIC-3,800G-backend-leaf-u35/E1/14/1,gpu-server-rc1-14--GPU-NIC-3--800G-backend-leaf-u35
gpu-server-rc1-14/GPU-NIC-4----800G-backend-leaf-u35/E1/14/2,gpu-server-rc1-14/GPU-NIC-4,800G-backend-leaf-u35/E1/14/2,gpu-server-rc1-14--GPU-NIC-4--800G-backend-leaf-u35
gpu-server-rc1-14/GPU-NIC-5----800G-backend-leaf-u32/E1/14/1,gpu-server-rc1-14/GPU-NIC-5,800G-backend-leaf-u32/E1/14/1,gpu-server-rc1-14--GPU-NIC-5--800G-backend-leaf-u32
gpu-server-rc1-14/GPU-NIC-6----800G-backend-leaf-u32/E1/14/2,gpu-server-rc1-14/GPU-NIC-6,800G-backend-leaf-u32/E1/14/2,gpu-server-rc1-14--GPU-NIC-6--800G-backend-leaf-u32
gpu-server-rc1-14/GPU-NIC-7----800G-backend-leaf-u29/E1/14/1,gpu-server-rc1-14/GPU-NIC-7,800G-backend-leaf-u29/E1/14/1,gpu-server-rc1-14--GPU-NIC-7--800G-backend-leaf-u29
gpu-server-rc1-14/GPU-NIC-8----800G-backend-leaf-u29/E1/14/2,gpu-server-rc1-14/GPU-NIC-8,800G-backend-leaf-u29/E1/14/2,gpu-server-rc1-14--GPU-NIC-8--800G-backend-leaf-u29
gpu-server-rc1-15/GPU-NIC-1----800G-backend-leaf-u38/E1/15/1,gpu-server-rc1-15/GPU-NIC-1,800G-backend-leaf-u38/E1/15/1,gpu-server-rc1-15--GPU-NIC-1--800G-backend-leaf-u38
gpu-server-rc1-15/GPU-NIC-2----800G-backend-leaf-u38/E1/15/2,gpu-server-rc1-15/GPU-NIC-2,800G-backend-leaf-u38/E1/15/2,gpu-server-rc1-15--GPU-NIC-2--800G-backend-leaf-u38
gpu-server-rc1-15/GPU-NIC-3----800G-backend-leaf-u35/E1/15/1,gpu-server-rc1-15/GPU-NIC-3,800G-backend-leaf-u35/E1/15/1,gpu-server-rc1-15--GPU-NIC-3--800G-backend-leaf-u35
gpu-server-rc1-15/GPU-NIC-4----800G-backend-leaf-u35/E1/15/2,gpu-server-rc1-15/GPU-NIC-4,800G-backend-leaf-u35/E1/15/2,gpu-server-rc1-15--GPU-NIC-4--800G-backend-leaf-u35
gpu-server-rc1-15/GPU-NIC-5----800G-backend-leaf-u32/E1/15/1,gpu-server-rc1-15/GPU-NIC-5,800G-backend-leaf-u32/E1/15/1,gpu-server-rc1-15--GPU-NIC-5--800G-backend-leaf-u32
gpu-server-rc1-15/GPU-NIC-6----800G-backend-leaf-u32/E1/15/2,gpu-server-rc1-15/GPU-NIC-6,800G-backend-leaf-u32/E1/15/2,gpu-server-rc1-15--GPU-NIC-6--800G-backend-leaf-u32
gpu-server-rc1-15/GPU-NIC-7----800G-backend-leaf-u29/E1/15/1,gpu-server-rc1-15/GPU-NIC-7,800G-backend-leaf-u29/E1/15/1,gpu-server-rc1-15--GPU-NIC-7--800G-backend-leaf-u29
gpu-server-rc1-15/GPU-NIC-8----800G-backend-leaf-u29/E1/15/2,gpu-server-rc1-15/GPU-NIC-8,800G-backend-leaf-u29/E1/15/2,gpu-server-rc1-15--GPU-NIC-8--800G-backend-leaf-u29
gpu-server-rc1-16/GPU-NIC-1----800G-backend-leaf-u38/E1/16/1,gpu-server-rc1-16/GPU-NIC-1,800G-backend-leaf-u38/E1/16/1,gpu-server-rc1-16--GPU-NIC-1--800G-backend-leaf-u38
gpu-server-rc1-16/GPU-NIC-2----800G-backend-leaf-u38/E1/16/2,gpu-server-rc1-16/GPU-NIC-2,800G-backend-leaf-u38/E1/16/2,gpu-server-rc1-16--GPU-NIC-2--800G-backend-leaf-u38
gpu-server-rc1-16/GPU-NIC-3----800G-backend-leaf-u35/E1/16/1,gpu-server-rc1-16/GPU-NIC-3,800G-backend-leaf-u35/E1/16/1,gpu-server-rc1-16--GPU-NIC-3--800G-backend-leaf-u35
gpu-server-rc1-16/GPU-NIC-4----800G-backend-leaf-u35/E1/16/2,gpu-server-rc1-16/GPU-NIC-4,800G-backend-leaf-u35/E1/16/2,gpu-server-rc1-16--GPU-NIC-4--800G-backend-leaf-u35
gpu-server-rc1-16/GPU-NIC-5----800G-backend-leaf-u32/E1/16/1,gpu-server-rc1-16/GPU-NIC-5,800G-backend-leaf-u32/E1/16/1,gpu-server-rc1-16--GPU-NIC-5--800G-backend-leaf-u32
gpu-server-rc1-16/GPU-NIC-6----800G-backend-leaf-u32/E1/16/2,gpu-server-rc1-16/GPU-NIC-6,800G-backend-leaf-u32/E1/16/2,gpu-server-rc1-16--GPU-NIC-6--800G-backend-leaf-u32
gpu-server-rc1-16/GPU-NIC-7----800G-backend-leaf-u29/E1/16/1,gpu-server-rc1-16/GPU-NIC-7,800G-backend-leaf-u29/E1/16/1,gpu-server-rc1-16--GPU-NIC-7--800G-backend-leaf-u29
gpu-server-rc1-16/GPU-NIC-8----800G-backend-leaf-u29/E1/16/2,gpu-server-rc1-16/GPU-NIC-8,800G-backend-leaf-u29/E1/16/2,gpu-server-rc1-16--GPU-NIC-8--800G-backend-leaf-u29
gpu-server-rc1-17/GPU-NIC-1----800G-backend-leaf-u38/E1/17/1,gpu-server-rc1-17/GPU-NIC-1,800G-backend-leaf-u38/E1/17/1,gpu-server-rc1-17--GPU-NIC-1--800G-backend-leaf-u38
gpu-server-rc1-17/GPU-NIC-2----800G-backend-leaf-u38/E1/17/2,gpu-server-rc1-17/GPU-NIC-2,800G-backend-leaf-u38/E1/17/2,gpu-server-rc1-17--GPU-NIC-2--800G-backend-leaf-u38
gpu-server-rc1-17/GPU-NIC-3----800G-backend-leaf-u35/E1/17/1,gpu-server-rc1-17/GPU-NIC-3,800G-backend-leaf-u35/E1/17/1,gpu-server-rc1-17--GPU-NIC-3--800G-backend-leaf-u35
gpu-server-rc1-17/GPU-NIC-4----800G-backend-leaf-u35/E1/17/2,gpu-server-rc1-17/GPU-NIC-4,800G-backend-leaf-u35/E1/17/2,gpu-server-rc1-17--GPU-NIC-4--800G-backend-leaf-u35
gpu-server-rc1-17/GPU-NIC-5----800G-backend-leaf-u32/E1/17/1,gpu-server-rc1-17/GPU-NIC-5,800G-backend-leaf-u32/E1/17/1,gpu-server-rc1-17--GPU-NIC-5--800G-backend-leaf-u32
gpu-server-rc1-17/GPU-NIC-6----800G-backend-leaf-u32/E1/17/2,gpu-server-rc1-17/GPU-NIC-6,800G-backend-leaf-u32/E1/17/2,gpu-server-rc1-17--GPU-NIC-6--800G-backend-leaf-u32
gpu-server-rc1-17/GPU-NIC-7----800G-backend-leaf-u29/E1/17/1,gpu-server-rc1-17/GPU-NIC-7,800G-backend-leaf-u29/E1/17/1,gpu-server-rc1-17--GPU-NIC-7--800G-backend-leaf-u29
gpu-server-rc1-17/GPU-NIC-8----800G-backend-leaf-u29/E1/17/2,gpu-server-rc1-17/GPU-NIC-8,800G-backend-leaf-u29/E1/17/2,gpu-server-rc1-17--GPU-NIC-8--800G-backend-leaf-u29
gpu-server-rc1-18/GPU-NIC-1----800G-backend-leaf-u38/E1/18/1,gpu-server-rc1-18/GPU-NIC-1,800G-backend-leaf-u38/E1/18/1,gpu-server-rc1-18--GPU-NIC-1--800G-backend-leaf-u38
gpu-server-rc1-18/GPU-NIC-2----800G-backend-leaf-u38/E1/18/2,gpu-server-rc1-18/GPU-NIC-2,800G-backend-leaf-u38/E1/18/2,gpu-server-rc1-18--GPU-NIC-2--800G-backend-leaf-u38
gpu-server-rc1-18/GPU-NIC-3----800G-backend-leaf-u35/E1/18/1,gpu-server-rc1-18/GPU-NIC-3,800G-backend-leaf-u35/E1/18/1,gpu-server-rc1-18--GPU-NIC-3--800G-backend-leaf-u35
gpu-server-rc1-18/GPU-NIC-4----800G-backend-leaf-u35/E1/18/2,gpu-server-rc1-18/GPU-NIC-4,800G-backend-leaf-u35/E1/18/2,gpu-server-rc1-18--GPU-NIC-4--800G-backend-leaf-u35
gpu-server-rc1-18/GPU-NIC-5----800G-backend-leaf-u32/E1/18/1,gpu-server-rc1-18/GPU-NIC-5,800G-backend-leaf-u32/E1/18/1,gpu-server-rc1-18--GPU-NIC-5--800G-backend-leaf-u32
gpu-server-rc1-18/GPU-NIC-6----800G-backend-leaf-u32/E1/18/2,gpu-server-rc1-18/GPU-NIC-6,800G-backend-leaf-u32/E1/18/2,gpu-server-rc1-18--GPU-NIC-6--800G-backend-leaf-u32
gpu-server-rc1-18/GPU-NIC-7----800G-backend-leaf-u29/E1/18/1,gpu-server-rc1-18/GPU-NIC-7,800G-backend-leaf-u29/E1/18/1,gpu-server-rc1-18--GPU-NIC-7--800G-backend-leaf-u29
gpu-server-rc1-18/GPU-NIC-8----800G-backend-leaf-u29/E1/18/2,gpu-server-rc1-18/GPU-NIC-8,800G-backend-leaf-u29/E1/18/2,gpu-server-rc1-18--GPU-NIC-8--800G-backend-leaf-u29
gpu-server-rc1-19/GPU-NIC-1----800G-backend-leaf-u38/E1/19/1,gpu-server-rc1-19/GPU-NIC-1,800G-backend-leaf-u38/E1/19/1,gpu-server-rc1-19--GPU-NIC-1--800G-backend-leaf-u38
gpu-server-rc1-19/GPU-NIC-2----800G-backend-leaf-u38/E1/19/2,gpu-server-rc1-19/GPU-NIC-2,800G-backend-leaf-u38/E1/19/2,gpu-server-rc1-19--GPU-NIC-2--800G-backend-leaf-u38
gpu-server-rc1-19/GPU-NIC-3----800G-backend-leaf-u35/E1/19/1,gpu-server-rc1-19/GPU-NIC-3,800G-backend-leaf-u35/E1/19/1,gpu-server-rc1-19--GPU-NIC-3--800G-backend-leaf-u35
gpu-server-rc1-19/GPU-NIC-4----800G-backend-leaf-u35/E1/19/2,gpu-server-rc1-19/GPU-NIC-4,800G-backend-leaf-u35/E1/19/2,gpu-server-rc1-19--GPU-NIC-4--800G-backend-leaf-u35
gpu-server-rc1-19/GPU-NIC-5----800G-backend-leaf-u32/E1/19/1,gpu-server-rc1-19/GPU-NIC-5,800G-backend-leaf-u32/E1/19/1,gpu-server-rc1-19--GPU-NIC-5--800G-backend-leaf-u32
gpu-server-rc1-19/GPU-NIC-6----800G-backend-leaf-u32/E1/19/2,gpu-server-rc1-19/GPU-NIC-6,800G-backend-leaf-u32/E1/19/2,gpu-server-rc1-19--GPU-NIC-6--800G-backend-leaf-u32
gpu-server-rc1-19/GPU-NIC-7----800G-backend-leaf-u29/E1/19/1,gpu-server-rc1-19/GPU-NIC-7,800G-backend-leaf-u29/E1/19/1,gpu-server-rc1-19--GPU-NIC-7--800G-backend-leaf-u29
gpu-server-rc1-19/GPU-NIC-8----800G-backend-leaf-u29/E1/19/2,gpu-server-rc1-19/GPU-NIC-8,800G-backend-leaf-u29/E1/19/2,gpu-server-rc1-19--GPU-NIC-8--800G-backend-leaf-u29
gpu-server-rc1-20/GPU-NIC-1----800G-backend-leaf-u38/E1/20/1,gpu-server-rc1-20/GPU-NIC-1,800G-backend-leaf-u38/E1/20/1,gpu-server-rc1-20--GPU-NIC-1--800G-backend-leaf-u38
gpu-server-rc1-20/GPU-NIC-2----800G-backend-leaf-u38/E1/20/2,gpu-server-rc1-20/GPU-NIC-2,800G-backend-leaf-u38/E1/20/2,gpu-server-rc1-20--GPU-NIC-2--800G-backend-leaf-u38
gpu-server-rc1-20/GPU-NIC-3----800G-backend-leaf-u35/E1/20/1,gpu-server-rc1-20/GPU-NIC-3,800G-backend-leaf-u35/E1/20/1,gpu-server-rc1-20--GPU-NIC-3--800G-backend-leaf-u35
gpu-server-rc1-20/GPU-NIC-4----800G-backend-leaf-u35/E1/20/2,gpu-server-rc1-20/GPU-NIC-4,800G-backend-leaf-u35/E1/20/2,gpu-server-rc1-20--GPU-NIC-4--800G-backend-leaf-u35
gpu-server-rc1-20/GPU-NIC-5----800G-backend-leaf-u32/E1/20/1,gpu-server-rc1-20/GPU-NIC-5,800G-backend-leaf-u32/E1/20/1,gpu-server-rc1-20--GPU-NIC-5--800G-backend-leaf-u32
gpu-server-rc1-20/GPU-NIC-6----800G-backend-leaf-u32/E1/20/2,gpu-server-rc1-20/GPU-NIC-6,800G-backend-leaf-u32/E1/20/2,gpu-server-rc1-20--GPU-NIC-6--800G-backend-leaf-u32
gpu-server-rc1-20/GPU-NIC-7----800G-backend-leaf-u29/E1/20/1,gpu-server-rc1-20/GPU-NIC-7,800G-backend-leaf-u29/E1/20/1,gpu-server-rc1-20--GPU-NIC-7--800G-backend-leaf-u29
gpu-server-rc1-20/GPU-NIC-8----800G-backend-leaf-u29/E1/20/2,gpu-server-rc1-20/GPU-NIC-8,800G-backend-leaf-u29/E1/20/2,gpu-server-rc1-20--GPU-NIC-8--800G-backend-leaf-u29
gpu-server-rc1-21/GPU-NIC-1----800G-backend-leaf-u38/E1/21/1,gpu-server-rc1-21/GPU-NIC-1,800G-backend-leaf-u38/E1/21/1,gpu-server-rc1-21--GPU-NIC-1--800G-backend-leaf-u38
gpu-server-rc1-21/GPU-NIC-2----800G-backend-leaf-u38/E1/21/2,gpu-server-rc1-21/GPU-NIC-2,800G-backend-leaf-u38/E1/21/2,gpu-server-rc1-21--GPU-NIC-2--800G-backend-leaf-u38
gpu-server-rc1-21/GPU-NIC-3----800G-backend-leaf-u35/E1/21/1,gpu-server-rc1-21/GPU-NIC-3,800G-backend-leaf-u35/E1/21/1,gpu-server-rc1-21--GPU-NIC-3--800G-backend-leaf-u35
gpu-server-rc1-21/GPU-NIC-4----800G-backend-leaf-u35/E1/21/2,gpu-server-rc1-21/GPU-NIC-4,800G-backend-leaf-u35/E1/21/2,gpu-server-rc1-21--GPU-NIC-4--800G-backend-leaf-u35
gpu-server-rc1-21/GPU-NIC-5----800G-backend-leaf-u32/E1/21/1,gpu-server-rc1-21/GPU-NIC-5,800G-backend-leaf-u32/E1/21/1,gpu-server-rc1-21--GPU-NIC-5--800G-backend-leaf-u32
gpu-server-rc1-21/GPU-NIC-6----800G-backend-leaf-u32/E1/21/2,gpu-server-rc1-21/GPU-NIC-6,800G-backend-leaf-u32/E1/21/2,gpu-server-rc1-21--GPU-NIC-6--800G-backend-leaf-u32
gpu-server-rc1-21/GPU-NIC-7----800G-backend-leaf-u29/E1/21/1,gpu-server-rc1-21/GPU-NIC-7,800G-backend-leaf-u29/E1/21/1,gpu-server-rc1-21--GPU-NIC-7--800G-backend-leaf-u29
gpu-server-rc1-21/GPU-NIC-8----800G-backend-leaf-u29/E1/21/2,gpu-server-rc1-21/GPU-NIC-8,800G-backend-leaf-u29/E1/21/2,gpu-server-rc1-21--GPU-NIC-8--800G-backend-leaf-u29
gpu-server-rc1-22/GPU-NIC-1----800G-backend-leaf-u38/E1/22/1,gpu-server-rc1-22/GPU-NIC-1,800G-backend-leaf-u38/E1/22/1,gpu-server-rc1-22--GPU-NIC-1--800G-backend-leaf-u38
gpu-server-rc1-22/GPU-NIC-2----800G-backend-leaf-u38/E1/22/2,gpu-server-rc1-22/GPU-NIC-2,800G-backend-leaf-u38/E1/22/2,gpu-server-rc1-22--GPU-NIC-2--800G-backend-leaf-u38
gpu-server-rc1-22/GPU-NIC-3----800G-backend-leaf-u35/E1/22/1,gpu-server-rc1-22/GPU-NIC-3,800G-backend-leaf-u35/E1/22/1,gpu-server-rc1-22--GPU-NIC-3--800G-backend-leaf-u35
gpu-server-rc1-22/GPU-NIC-4----800G-backend-leaf-u35/E1/22/2,gpu-server-rc1-22/GPU-NIC-4,800G-backend-leaf-u35/E1/22/2,gpu-server-rc1-22--GPU-NIC-4--800G-backend-leaf-u35
gpu-server-rc1-22/GPU-NIC-5----800G-backend-leaf-u32/E1/22/1,gpu-server-rc1-22/GPU-NIC-5,800G-backend-leaf-u32/E1/22/1,gpu-server-rc1-22--GPU-NIC-5--800G-backend-leaf-u32
gpu-server-rc1-22/GPU-NIC-6----800G-backend-leaf-u32/E1/22/2,gpu-server-rc1-22/GPU-NIC-6,800G-backend-leaf-u32/E1/22/2,gpu-server-rc1-22--GPU-NIC-6--800G-backend-leaf-u32
gpu-server-rc1-22/GPU-NIC-7----800G-backend-leaf-u29/E1/22/1,gpu-server-rc1-22/GPU-NIC-7,800G-backend-leaf-u29/E1/22/1,gpu-server-rc1-22--GPU-NIC-7--800G-backend-leaf-u29
gpu-server-rc1-22/GPU-NIC-8----800G-backend-leaf-u29/E1/22/2,gpu-server-rc1-22/GPU-NIC-8,800G-backend-leaf-u29/E1/22/2,gpu-server-rc1-22--GPU-NIC-8--800G-backend-leaf-u29
gpu-server-rc1-23/GPU-NIC-1----800G-backend-leaf-u38/E1/23/1,gpu-server-rc1-23/GPU-NIC-1,800G-backend-leaf-u38/E1/23/1,gpu-server-rc1-23--GPU-NIC-1--800G-backend-leaf-u38
gpu-server-rc1-23/GPU-NIC-2----800G-backend-leaf-u38/E1/23/2,gpu-server-rc1-23/GPU-NIC-2,800G-backend-leaf-u38/E1/23/2,gpu-server-rc1-23--GPU-NIC-2--800G-backend-leaf-u38
gpu-server-rc1-23/GPU-NIC-3----800G-backend-leaf-u35/E1/23/1,gpu-server-rc1-23/GPU-NIC-3,800G-backend-leaf-u35/E1/23/1,gpu-server-rc1-23--GPU-NIC-3--800G-backend-leaf-u35
gpu-server-rc1-23/GPU-NIC-4----800G-backend-leaf-u35/E1/23/2,gpu-server-rc1-23/GPU-NIC-4,800G-backend-leaf-u35/E1/23/2,gpu-server-rc1-23--GPU-NIC-4--800G-backend-leaf-u35
gpu-server-rc1-23/GPU-NIC-5----800G-backend-leaf-u32/E1/23/1,gpu-server-rc1-23/GPU-NIC-5,800G-backend-leaf-u32/E1/23/1,gpu-server-rc1-23--GPU-NIC-5--800G-backend-leaf-u32
gpu-server-rc1-23/GPU-NIC-6----800G-backend-leaf-u32/E1/23/2,gpu-server-rc1-23/GPU-NIC-6,800G-backend-leaf-u32/E1/23/2,gpu-server-rc1-23--GPU-NIC-6--800G-backend-leaf-u32
gpu-server-rc1-23/GPU-NIC-7----800G-backend-leaf-u29/E1/23/1,gpu-server-rc1-23/GPU-NIC-7,800G-backend-leaf-u29/E1/23/1,gpu-server-rc1-23--GPU-NIC-7--800G-backend-leaf-u29
gpu-server-rc1-23/GPU-NIC-8----800G-backend-leaf-u29/E1/23/2,gpu-server-rc1-23/GPU-NIC-8,800G-backend-leaf-u29/E1/23/2,gpu-server-rc1-23--GPU-NIC-8--800G-backend-leaf-u29
gpu-server-rc1-24/GPU-NIC-1----800G-backend-leaf-u38/E1/24/1,gpu-server-rc1-24/GPU-NIC-1,800G-backend-leaf-u38/E1/24/1,gpu-server-rc1-24--GPU-NIC-1--800G-backend-leaf-u38
gpu-server-rc1-24/GPU-NIC-2----800G-backend-leaf-u38/E1/24/2,gpu-server-rc1-24/GPU-NIC-2,800G-backend-leaf-u38/E1/24/2,gpu-server-rc1-24--GPU-NIC-2--800G-backend-leaf-u38
gpu-server-rc1-24/GPU-NIC-3----800G-backend-leaf-u35/E1/24/1,gpu-server-rc1-24/GPU-NIC-3,800G-backend-leaf-u35/E1/24/1,gpu-server-rc1-24--GPU-NIC-3--800G-backend-leaf-u35
gpu-server-rc1-24/GPU-NIC-4----800G-backend-leaf-u35/E1/24/2,gpu-server-rc1-24/GPU-NIC-4,800G-backend-leaf-u35/E1/24/2,gpu-server-rc1-24--GPU-NIC-4--800G-backend-leaf-u35
gpu-server-rc1-24/GPU-NIC-5----800G-backend-leaf-u32/E1/24/1,gpu-server-rc1-24/GPU-NIC-5,800G-backend-leaf-u32/E1/24/1,gpu-server-rc1-24--GPU-NIC-5--800G-backend-leaf-u32
gpu-server-rc1-24/GPU-NIC-6----800G-backend-leaf-u32/E1/24/2,gpu-server-rc1-24/GPU-NIC-6,800G-backend-leaf-u32/E1/24/2,gpu-server-rc1-24--GPU-NIC-6--800G-backend-leaf-u32
gpu-server-rc1-24/GPU-NIC-7----800G-backend-leaf-u29/E1/24/1,gpu-server-rc1-24/GPU-NIC-7,800G-backend-leaf-u29/E1/24/1,gpu-server-rc1-24--GPU-NIC-7--800G-backend-leaf-u29
gpu-server-rc1-24/GPU-NIC-8----800G-backend-leaf-u29/E1/24/2,gpu-server-rc1-24/GPU-NIC-8,800G-backend-leaf-u29/E1/24/2,gpu-server-rc1-24--GPU-NIC-8--800G-backend-leaf-u29
gpu-server-rc1-25/GPU-NIC-1----800G-backend-leaf-u38/E1/25/1,gpu-server-rc1-25/GPU-NIC-1,800G-backend-leaf-u38/E1/25/1,gpu-server-rc1-25--GPU-NIC-1--800G-backend-leaf-u38
gpu-server-rc1-25/GPU-NIC-2----800G-backend-leaf-u38/E1/25/2,gpu-server-rc1-25/GPU-NIC-2,800G-backend-leaf-u38/E1/25/2,gpu-server-rc1-25--GPU-NIC-2--800G-backend-leaf-u38
gpu-server-rc1-25/GPU-NIC-3----800G-backend-leaf-u35/E1/25/1,gpu-server-rc1-25/GPU-NIC-3,800G-backend-leaf-u35/E1/25/1,gpu-server-rc1-25--GPU-NIC-3--800G-backend-leaf-u35
gpu-server-rc1-25/GPU-NIC-4----800G-backend-leaf-u35/E1/25/2,gpu-server-rc1-25/GPU-NIC-4,800G-backend-leaf-u35/E1/25/2,gpu-server-rc1-25--GPU-NIC-4--800G-backend-leaf-u35
gpu-server-rc1-25/GPU-NIC-5----800G-backend-leaf-u32/E1/25/1,gpu-server-rc1-25/GPU-NIC-5,800G-backend-leaf-u32/E1/25/1,gpu-server-rc1-25--GPU-NIC-5--800G-backend-leaf-u32
gpu-server-rc1-25/GPU-NIC-6----800G-backend-leaf-u32/E1/25/2,gpu-server-rc1-25/GPU-NIC-6,800G-backend-leaf-u32/E1/25/2,gpu-server-rc1-25--GPU-NIC-6--800G-backend-leaf-u32
gpu-server-rc1-25/GPU-NIC-7----800G-backend-leaf-u29/E1/25/1,gpu-server-rc1-25/GPU-NIC-7,800G-backend-leaf-u29/E1/25/1,gpu-server-rc1-25--GPU-NIC-7--800G-backend-leaf-u29
gpu-server-rc1-25/GPU-NIC-8----800G-backend-leaf-u29/E1/25/2,gpu-server-rc1-25/GPU-NIC-8,800G-backend-leaf-u29/E1/25/2,gpu-server-rc1-25--GPU-NIC-8--800G-backend-leaf-u29
gpu-server-rc1-26/GPU-NIC-1----800G-backend-leaf-u38/E1/26/1,gpu-server-rc1-26/GPU-NIC-1,800G-backend-leaf-u38/E1/26/1,gpu-server-rc1-26--GPU-NIC-1--800G-backend-leaf-u38
gpu-server-rc1-26/GPU-NIC-2----800G-backend-leaf-u38/E1/26/2,gpu-server-rc1-26/GPU-NIC-2,800G-backend-leaf-u38/E1/26/2,gpu-server-rc1-26--GPU-NIC-2--800G-backend-leaf-u38
gpu-server-rc1-26/GPU-NIC-3----800G-backend-leaf-u35/E1/26/1,gpu-server-rc1-26/GPU-NIC-3,800G-backend-leaf-u35/E1/26/1,gpu-server-rc1-26--GPU-NIC-3--800G-backend-leaf-u35
gpu-server-rc1-26/GPU-NIC-4----800G-backend-leaf-u35/E1/26/2,gpu-server-rc1-26/GPU-NIC-4,800G-backend-leaf-u35/E1/26/2,gpu-server-rc1-26--GPU-NIC-4--800G-backend-leaf-u35
gpu-server-rc1-26/GPU-NIC-5----800G-backend-leaf-u32/E1/26/1,gpu-server-rc1-26/GPU-NIC-5,800G-backend-leaf-u32/E1/26/1,gpu-server-rc1-26--GPU-NIC-5--800G-backend-leaf-u32
gpu-server-rc1-26/GPU-NIC-6----800G-backend-leaf-u32/E1/26/2,gpu-server-rc1-26/GPU-NIC-6,800G-backend-leaf-u32/E1/26/2,gpu-server-rc1-26--GPU-NIC-6--800G-backend-leaf-u32
gpu-server-rc1-26/GPU-NIC-7----800G-backend-leaf-u29/E1/26/1,gpu-server-rc1-26/GPU-NIC-7,800G-backend-leaf-u29/E1/26/1,gpu-server-rc1-26--GPU-NIC-7--800G-backend-leaf-u29
gpu-server-rc1-26/GPU-NIC-8----800G-backend-leaf-u29/E1/26/2,gpu-server-rc1-26/GPU-NIC-8,800G-backend-leaf-u29/E1/26/2,gpu-server-rc1-26--GPU-NIC-8--800G-backend-leaf-u29
gpu-server-rc1-27/GPU-NIC-1----800G-backend-leaf-u38/E1/27/1,gpu-server-rc1-27/GPU-NIC-1,800G-backend-leaf-u38/E1/27/1,gpu-server-rc1-27--GPU-NIC-1--800G-backend-leaf-u38
gpu-server-rc1-27/GPU-NIC-2----800G-backend-leaf-u38/E1/27/2,gpu-server-rc1-27/GPU-NIC-2,800G-backend-leaf-u38/E1/27/2,gpu-server-rc1-27--GPU-NIC-2--800G-backend-leaf-u38
gpu-server-rc1-27/GPU-NIC-3----800G-backend-leaf-u35/E1/27/1,gpu-server-rc1-27/GPU-NIC-3,800G-backend-leaf-u35/E1/27/1,gpu-server-rc1-27--GPU-NIC-3--800G-backend-leaf-u35
gpu-server-rc1-27/GPU-NIC-4----800G-backend-leaf-u35/E1/27/2,gpu-server-rc1-27/GPU-NIC-4,800G-backend-leaf-u35/E1/27/2,gpu-server-rc1-27--GPU-NIC-4--800G-backend-leaf-u35
gpu-server-rc1-27/GPU-NIC-5----800G-backend-leaf-u32/E1/27/1,gpu-server-rc1-27/GPU-NIC-5,800G-backend-leaf-u32/E1/27/1,gpu-server-rc1-27--GPU-NIC-5--800G-backend-leaf-u32
gpu-server-rc1-27/GPU-NIC-6----800G-backend-leaf-u32/E1/27/2,gpu-server-rc1-27/GPU-NIC-6,800G-backend-leaf-u32/E1/27/2,gpu-server-rc1-27--GPU-NIC-6--800G-backend-leaf-u32
gpu-server-rc1-27/GPU-NIC-7----800G-backend-leaf-u29/E1/27/1,gpu-server-rc1-27/GPU-NIC-7,800G-backend-leaf-u29/E1/27/1,gpu-server-rc1-27--GPU-NIC-7--800G-backend-leaf-u29
gpu-server-rc1-27/GPU-NIC-8----800G-backend-leaf-u29/E1/27/2,gpu-server-rc1-27/GPU-NIC-8,800G-backend-leaf-u29/E1/27/2,gpu-server-rc1-27--GPU-NIC-8--800G-backend-leaf-u29
gpu-server-rc1-28/GPU-NIC-1----800G-backend-leaf-u38/E1/28/1,gpu-server-rc1-28/GPU-NIC-1,800G-backend-leaf-u38/E1/28/1,gpu-server-rc1-28--GPU-NIC-1--800G-backend-leaf-u38
gpu-server-rc1-28/GPU-NIC-2----800G-backend-leaf-u38/E1/28/2,gpu-server-rc1-28/GPU-NIC-2,800G-backend-leaf-u38/E1/28/2,gpu-server-rc1-28--GPU-NIC-2--800G-backend-leaf-u38
gpu-server-rc1-28/GPU-NIC-3----800G-backend-leaf-u35/E1/28/1,gpu-server-rc1-28/GPU-NIC-3,800G-backend-leaf-u35/E1/28/1,gpu-server-rc1-28--GPU-NIC-3--800G-backend-leaf-u35
gpu-server-rc1-28/GPU-NIC-4----800G-backend-leaf-u35/E1/28/2,gpu-server-rc1-28/GPU-NIC-4,800G-backend-leaf-u35/E1/28/2,gpu-server-rc1-28--GPU-NIC-4--800G-backend-leaf-u35
gpu-server-rc1-28/GPU-NIC-5----800G-backend-leaf-u32/E1/28/1,gpu-server-rc1-28/GPU-NIC-5,800G-backend-leaf-u32/E1/28/1,gpu-server-rc1-28--GPU-NIC-5--800G-backend-leaf-u32
gpu-server-rc1-28/GPU-NIC-6----800G-backend-leaf-u32/E1/28/2,gpu-server-rc1-28/GPU-NIC-6,800G-backend-leaf-u32/E1/28/2,gpu-server-rc1-28--GPU-NIC-6--800G-backend-leaf-u32
gpu-server-rc1-28/GPU-NIC-7----800G-backend-leaf-u29/E1/28/1,gpu-server-rc1-28/GPU-NIC-7,800G-backend-leaf-u29/E1/28/1,gpu-server-rc1-28--GPU-NIC-7--800G-backend-leaf-u29
gpu-server-rc1-28/GPU-NIC-8----800G-backend-leaf-u29/E1/28/2,gpu-server-rc1-28/GPU-NIC-8,800G-backend-leaf-u29/E1/28/2,gpu-server-rc1-28--GPU-NIC-8--800G-backend-leaf-u29
gpu-server-rc1-29/GPU-NIC-1----800G-backend-leaf-u38/E1/29/1,gpu-server-rc1-29/GPU-NIC-1,800G-backend-leaf-u38/E1/29/1,gpu-server-rc1-29--GPU-NIC-1--800G-backend-leaf-u38
gpu-server-rc1-29/GPU-NIC-2----800G-backend-leaf-u38/E1/29/2,gpu-server-rc1-29/GPU-NIC-2,800G-backend-leaf-u38/E1/29/2,gpu-server-rc1-29--GPU-NIC-2--800G-backend-leaf-u38
gpu-server-rc1-29/GPU-NIC-3----800G-backend-leaf-u35/E1/29/1,gpu-server-rc1-29/GPU-NIC-3,800G-backend-leaf-u35/E1/29/1,gpu-server-rc1-29--GPU-NIC-3--800G-backend-leaf-u35
gpu-server-rc1-29/GPU-NIC-4----800G-backend-leaf-u35/E1/29/2,gpu-server-rc1-29/GPU-NIC-4,800G-backend-leaf-u35/E1/29/2,gpu-server-rc1-29--GPU-NIC-4--800G-backend-leaf-u35
gpu-server-rc1-29/GPU-NIC-5----800G-backend-leaf-u32/E1/29/1,gpu-server-rc1-29/GPU-NIC-5,800G-backend-leaf-u32/E1/29/1,gpu-server-rc1-29--GPU-NIC-5--800G-backend-leaf-u32
gpu-server-rc1-29/GPU-NIC-6----800G-backend-leaf-u32/E1/29/2,gpu-server-rc1-29/GPU-NIC-6,800G-backend-leaf-u32/E1/29/2,gpu-server-rc1-29--GPU-NIC-6--800G-backend-leaf-u32
gpu-server-rc1-29/GPU-NIC-7----800G-backend-leaf-u29/E1/29/1,gpu-server-rc1-29/GPU-NIC-7,800G-backend-leaf-u29/E1/29/1,gpu-server-rc1-29--GPU-NIC-7--800G-backend-leaf-u29
gpu-server-rc1-29/GPU-NIC-8----800G-backend-leaf-u29/E1/29/2,gpu-server-rc1-29/GPU-NIC-8,800G-backend-leaf-u29/E1/29/2,gpu-server-rc1-29--GPU-NIC-8--800G-backend-leaf-u29
gpu-server-rc1-30/GPU-NIC-1----800G-backend-leaf-u38/E1/30/1,gpu-server-rc1-30/GPU-NIC-1,800G-backend-leaf-u38/E1/30/1,gpu-server-rc1-30--GPU-NIC-1--800G-backend-leaf-u38
gpu-server-rc1-30/GPU-NIC-2----800G-backend-leaf-u38/E1/30/2,gpu-server-rc1-30/GPU-NIC-2,800G-backend-leaf-u38/E1/30/2,gpu-server-rc1-30--GPU-NIC-2--800G-backend-leaf-u38
gpu-server-rc1-30/GPU-NIC-3----800G-backend-leaf-u35/E1/30/1,gpu-server-rc1-30/GPU-NIC-3,800G-backend-leaf-u35/E1/30/1,gpu-server-rc1-30--GPU-NIC-3--800G-backend-leaf-u35
gpu-server-rc1-30/GPU-NIC-4----800G-backend-leaf-u35/E1/30/2,gpu-server-rc1-30/GPU-NIC-4,800G-backend-leaf-u35/E1/30/2,gpu-server-rc1-30--GPU-NIC-4--800G-backend-leaf-u35
gpu-server-rc1-30/GPU-NIC-5----800G-backend-leaf-u32/E1/30/1,gpu-server-rc1-30/GPU-NIC-5,800G-backend-leaf-u32/E1/30/1,gpu-server-rc1-30--GPU-NIC-5--800G-backend-leaf-u32
gpu-server-rc1-30/GPU-NIC-6----800G-backend-leaf-u32/E1/30/2,gpu-server-rc1-30/GPU-NIC-6,800G-backend-leaf-u32/E1/30/2,gpu-server-rc1-30--GPU-NIC-6--800G-backend-leaf-u32
gpu-server-rc1-30/GPU-NIC-7----800G-backend-leaf-u29/E1/30/1,gpu-server-rc1-30/GPU-NIC-7,800G-backend-leaf-u29/E1/30/1,gpu-server-rc1-30--GPU-NIC-7--800G-backend-leaf-u29
gpu-server-rc1-30/GPU-NIC-8----800G-backend-leaf-u29/E1/30/2,gpu-server-rc1-30/GPU-NIC-8,800G-backend-leaf-u29/E1/30/2,gpu-server-rc1-30--GPU-NIC-8--800G-backend-leaf-u29
gpu-server-rc1-31/GPU-NIC-1----800G-backend-leaf-u38/E1/31/1,gpu-server-rc1-31/GPU-NIC-1,800G-backend-leaf-u38/E1/31/1,gpu-server-rc1-31--GPU-NIC-1--800G-backend-leaf-u38
gpu-server-rc1-31/GPU-NIC-2----800G-backend-leaf-u38/E1/31/2,gpu-server-rc1-31/GPU-NIC-2,800G-backend-leaf-u38/E1/31/2,gpu-server-rc1-31--GPU-NIC-2--800G-backend-leaf-u38
gpu-server-rc1-31/GPU-NIC-3----800G-backend-leaf-u35/E1/31/1,gpu-server-rc1-31/GPU-NIC-3,800G-backend-leaf-u35/E1/31/1,gpu-server-rc1-31--GPU-NIC-3--800G-backend-leaf-u35
gpu-server-rc1-31/GPU-NIC-4----800G-backend-leaf-u35/E1/31/2,gpu-server-rc1-31/GPU-NIC-4,800G-backend-leaf-u35/E1/31/2,gpu-server-rc1-31--GPU-NIC-4--800G-backend-leaf-u35
gpu-server-rc1-31/GPU-NIC-5----800G-backend-leaf-u32/E1/31/1,gpu-server-rc1-31/GPU-NIC-5,800G-backend-leaf-u32/E1/31/1,gpu-server-rc1-31--GPU-NIC-5--800G-backend-leaf-u32
gpu-server-rc1-31/GPU-NIC-6----800G-backend-leaf-u32/E1/31/2,gpu-server-rc1-31/GPU-NIC-6,800G-backend-leaf-u32/E1/31/2,gpu-server-rc1-31--GPU-NIC-6--800G-backend-leaf-u32
gpu-server-rc1-31/GPU-NIC-7----800G-backend-leaf-u29/E1/31/1,gpu-server-rc1-31/GPU-NIC-7,800G-backend-leaf-u29/E1/31/1,gpu-server-rc1-31--GPU-NIC-7--800G-backend-leaf-u29
gpu-server-rc1-31/GPU-NIC-8----800G-backend-leaf-u29/E1/31/2,gpu-server-rc1-31/GPU-NIC-8,800G-backend-leaf-u29/E1/31/2,gpu-server-rc1-31--GPU-NIC-8--800G-backend-leaf-u29
gpu-server-rc1-32/GPU-NIC-1----800G-backend-leaf-u38/E1/32/1,gpu-server-rc1-32/GPU-NIC-1,800G-backend-leaf-u38/E1/32/1,gpu-server-rc1-32--GPU-NIC-1--800G-backend-leaf-u38
gpu-server-rc1-32/GPU-NIC-2----800G-backend-leaf-u38/E1/32/2,gpu-server-rc1-32/GPU-NIC-2,800G-backend-leaf-u38/E1/32/2,gpu-server-rc1-32--GPU-NIC-2--800G-backend-leaf-u38
gpu-server-rc1-32/GPU-NIC-3----800G-backend-leaf-u35/E1/32/1,gpu-server-rc1-32/GPU-NIC-3,800G-backend-leaf-u35/E1/32/1,gpu-server-rc1-32--GPU-NIC-3--800G-backend-leaf-u35
gpu-server-rc1-32/GPU-NIC-4----800G-backend-leaf-u35/E1/32/2,gpu-server-rc1-32/GPU-NIC-4,800G-backend-leaf-u35/E1/32/2,gpu-server-rc1-32--GPU-NIC-4--800G-backend-leaf-u35
gpu-server-rc1-32/GPU-NIC-5----800G-backend-leaf-u32/E1/32/1,gpu-server-rc1-32/GPU-NIC-5,800G-backend-leaf-u32/E1/32/1,gpu-server-rc1-32--GPU-NIC-5--800G-backend-leaf-u32
gpu-server-rc1-32/GPU-NIC-6----800G-backend-leaf-u32/E1/32/2,gpu-server-rc1-32/GPU-NIC-6,800G-backend-leaf-u32/E1/32/2,gpu-server-rc1-32--GPU-NIC-6--800G-backend-leaf-u32
gpu-server-rc1-32/GPU-NIC-7----800G-backend-leaf-u29/E1/32/1,gpu-server-rc1-32/GPU-NIC-7,800G-backend-leaf-u29/E1/32/1,gpu-server-rc1-32--GPU-NIC-7--800G-backend-leaf-u29